,reference_date,target,horizon,target_end_date,location,output_type,output_type_id,value
0,2023-10-07,wk inc flu hosp,0.0,2023-10-07,US,quantile,0.010,322.0
1,2023-10-07,wk inc flu hosp,0.0,2023-10-07,US,quantile,0.025,380.0
2,2023-10-07,wk inc flu hosp,0.0,2023-10-07,US,quantile,0.050,450.0
3,2023-10-07,wk inc flu hosp,0.0,2023-10-07,US,quantile,0.100,536.0
4,2023-10-07,wk inc flu hosp,0.0,2023-10-07,US,quantile,0.150,604.0
5,2023-10-07,wk inc flu hosp,0.0,2023-10-07,US,quantile,0.200,666.0
6,2023-10-07,wk inc flu hosp,0.0,2023-10-07,US,quantile,0.250,726.0
7,2023-10-07,wk inc flu hosp,0.0,2023-10-07,US,quantile,0.300,785.0
8,2023-10-07,wk inc flu hosp,0.0,2023-10-07,US,quantile,0.350,842.0
9,2023-10-07,wk inc flu hosp,0.0,2023-10-07,US,quantile,0.400,899.0
10,2023-10-07,wk inc flu hosp,0.0,2023-10-07,US,quantile,0.450,957.0
11,2023-10-07,wk inc flu hosp,0.0,2023-10-07,US,quantile,0.500,1017.0
12,2023-10-07,wk inc flu hosp,0.0,2023-10-07,US,quantile,0.550,1083.0
13,2023-10-07,wk inc flu hosp,0.0,2023-10-07,US,quantile,0.600,1150.0
14,2023-10-07,wk inc flu hosp,0.0,2023-10-07,US,quantile,0.650,1225.0
15,2023-10-07,wk inc flu hosp,0.0,2023-10-07,US,quantile,0.700,1320.0
16,2023-10-07,wk inc flu hosp,0.0,2023-10-07,US,quantile,0.750,1426.0
17,2023-10-07,wk inc flu hosp,0.0,2023-10-07,US,quantile,0.800,1547.0
18,2023-10-07,wk inc flu hosp,0.0,2023-10-07,US,quantile,0.850,1691.0
19,2023-10-07,wk inc flu hosp,0.0,2023-10-07,US,quantile,0.900,1914.0
20,2023-10-07,wk inc flu hosp,0.0,2023-10-07,US,quantile,0.950,2257.0
21,2023-10-07,wk inc flu hosp,0.0,2023-10-07,US,quantile,0.975,2590.0
22,2023-10-07,wk inc flu hosp,0.0,2023-10-07,US,quantile,0.990,2925.0
23,2023-10-07,wk inc flu hosp,1.0,2023-10-14,US,quantile,0.010,505.0
24,2023-10-07,wk inc flu hosp,1.0,2023-10-14,US,quantile,0.025,578.0
25,2023-10-07,wk inc flu hosp,1.0,2023-10-14,US,quantile,0.050,655.0
26,2023-10-07,wk inc flu hosp,1.0,2023-10-14,US,quantile,0.100,741.0
27,2023-10-07,wk inc flu hosp,1.0,2023-10-14,US,quantile,0.150,812.0
28,2023-10-07,wk inc flu hosp,1.0,2023-10-14,US,quantile,0.200,874.0
29,2023-10-07,wk inc flu hosp,1.0,2023-10-14,US,quantile,0.250,931.0
30,2023-10-07,wk inc flu hosp,1.0,2023-10-14,US,quantile,0.300,984.0
31,2023-10-07,wk inc flu hosp,1.0,2023-10-14,US,quantile,0.350,1035.0
32,2023-10-07,wk inc flu hosp,1.0,2023-10-14,US,quantile,0.400,1091.0
33,2023-10-07,wk inc flu hosp,1.0,2023-10-14,US,quantile,0.450,1145.0
34,2023-10-07,wk inc flu hosp,1.0,2023-10-14,US,quantile,0.500,1199.0
35,2023-10-07,wk inc flu hosp,1.0,2023-10-14,US,quantile,0.550,1255.0
36,2023-10-07,wk inc flu hosp,1.0,2023-10-14,US,quantile,0.600,1315.0
37,2023-10-07,wk inc flu hosp,1.0,2023-10-14,US,quantile,0.650,1375.0
38,2023-10-07,wk inc flu hosp,1.0,2023-10-14,US,quantile,0.700,1448.0
39,2023-10-07,wk inc flu hosp,1.0,2023-10-14,US,quantile,0.750,1527.0
40,2023-10-07,wk inc flu hosp,1.0,2023-10-14,US,quantile,0.800,1619.0
41,2023-10-07,wk inc flu hosp,1.0,2023-10-14,US,quantile,0.850,1734.0
42,2023-10-07,wk inc flu hosp,1.0,2023-10-14,US,quantile,0.900,1900.0
43,2023-10-07,wk inc flu hosp,1.0,2023-10-14,US,quantile,0.950,2165.0
44,2023-10-07,wk inc flu hosp,1.0,2023-10-14,US,quantile,0.975,2437.0
45,2023-10-07,wk inc flu hosp,1.0,2023-10-14,US,quantile,0.990,2767.0
46,2023-10-07,wk inc flu hosp,2.0,2023-10-21,US,quantile,0.010,613.0
47,2023-10-07,wk inc flu hosp,2.0,2023-10-21,US,quantile,0.025,703.0
48,2023-10-07,wk inc flu hosp,2.0,2023-10-21,US,quantile,0.050,788.0
49,2023-10-07,wk inc flu hosp,2.0,2023-10-21,US,quantile,0.100,904.0
50,2023-10-07,wk inc flu hosp,2.0,2023-10-21,US,quantile,0.150,990.0
51,2023-10-07,wk inc flu hosp,2.0,2023-10-21,US,quantile,0.200,1064.0
52,2023-10-07,wk inc flu hosp,2.0,2023-10-21,US,quantile,0.250,1125.0
53,2023-10-07,wk inc flu hosp,2.0,2023-10-21,US,quantile,0.300,1189.0
54,2023-10-07,wk inc flu hosp,2.0,2023-10-21,US,quantile,0.350,1250.0
55,2023-10-07,wk inc flu hosp,2.0,2023-10-21,US,quantile,0.400,1313.0
56,2023-10-07,wk inc flu hosp,2.0,2023-10-21,US,quantile,0.450,1375.0
57,2023-10-07,wk inc flu hosp,2.0,2023-10-21,US,quantile,0.500,1435.0
58,2023-10-07,wk inc flu hosp,2.0,2023-10-21,US,quantile,0.550,1504.0
59,2023-10-07,wk inc flu hosp,2.0,2023-10-21,US,quantile,0.600,1576.0
60,2023-10-07,wk inc flu hosp,2.0,2023-10-21,US,quantile,0.650,1654.0
61,2023-10-07,wk inc flu hosp,2.0,2023-10-21,US,quantile,0.700,1735.0
62,2023-10-07,wk inc flu hosp,2.0,2023-10-21,US,quantile,0.750,1829.0
63,2023-10-07,wk inc flu hosp,2.0,2023-10-21,US,quantile,0.800,1946.0
64,2023-10-07,wk inc flu hosp,2.0,2023-10-21,US,quantile,0.850,2097.0
65,2023-10-07,wk inc flu hosp,2.0,2023-10-21,US,quantile,0.900,2282.0
66,2023-10-07,wk inc flu hosp,2.0,2023-10-21,US,quantile,0.950,2599.0
67,2023-10-07,wk inc flu hosp,2.0,2023-10-21,US,quantile,0.975,2921.0
68,2023-10-07,wk inc flu hosp,2.0,2023-10-21,US,quantile,0.990,3319.0
69,2023-10-07,wk inc flu hosp,3.0,2023-10-28,US,quantile,0.010,750.0
70,2023-10-07,wk inc flu hosp,3.0,2023-10-28,US,quantile,0.025,857.0
71,2023-10-07,wk inc flu hosp,3.0,2023-10-28,US,quantile,0.050,972.0
72,2023-10-07,wk inc flu hosp,3.0,2023-10-28,US,quantile,0.100,1114.0
73,2023-10-07,wk inc flu hosp,3.0,2023-10-28,US,quantile,0.150,1219.0
74,2023-10-07,wk inc flu hosp,3.0,2023-10-28,US,quantile,0.200,1306.0
75,2023-10-07,wk inc flu hosp,3.0,2023-10-28,US,quantile,0.250,1391.0
76,2023-10-07,wk inc flu hosp,3.0,2023-10-28,US,quantile,0.300,1467.0
77,2023-10-07,wk inc flu hosp,3.0,2023-10-28,US,quantile,0.350,1543.0
78,2023-10-07,wk inc flu hosp,3.0,2023-10-28,US,quantile,0.400,1616.0
79,2023-10-07,wk inc flu hosp,3.0,2023-10-28,US,quantile,0.450,1695.0
80,2023-10-07,wk inc flu hosp,3.0,2023-10-28,US,quantile,0.500,1776.0
81,2023-10-07,wk inc flu hosp,3.0,2023-10-28,US,quantile,0.550,1866.0
82,2023-10-07,wk inc flu hosp,3.0,2023-10-28,US,quantile,0.600,1953.0
83,2023-10-07,wk inc flu hosp,3.0,2023-10-28,US,quantile,0.650,2051.0
84,2023-10-07,wk inc flu hosp,3.0,2023-10-28,US,quantile,0.700,2156.0
85,2023-10-07,wk inc flu hosp,3.0,2023-10-28,US,quantile,0.750,2268.0
86,2023-10-07,wk inc flu hosp,3.0,2023-10-28,US,quantile,0.800,2403.0
87,2023-10-07,wk inc flu hosp,3.0,2023-10-28,US,quantile,0.850,2573.0
88,2023-10-07,wk inc flu hosp,3.0,2023-10-28,US,quantile,0.900,2815.0
89,2023-10-07,wk inc flu hosp,3.0,2023-10-28,US,quantile,0.950,3231.0
90,2023-10-07,wk inc flu hosp,3.0,2023-10-28,US,quantile,0.975,3626.0
91,2023-10-07,wk inc flu hosp,3.0,2023-10-28,US,quantile,0.990,4188.0
92,2023-10-07,wk inc flu hosp,4.0,2023-11-04,US,quantile,0.010,954.0
93,2023-10-07,wk inc flu hosp,4.0,2023-11-04,US,quantile,0.025,1089.0
94,2023-10-07,wk inc flu hosp,4.0,2023-11-04,US,quantile,0.050,1212.0
95,2023-10-07,wk inc flu hosp,4.0,2023-11-04,US,quantile,0.100,1393.0
96,2023-10-07,wk inc flu hosp,4.0,2023-11-04,US,quantile,0.150,1526.0
97,2023-10-07,wk inc flu hosp,4.0,2023-11-04,US,quantile,0.200,1638.0
98,2023-10-07,wk inc flu hosp,4.0,2023-11-04,US,quantile,0.250,1737.0
99,2023-10-07,wk inc flu hosp,4.0,2023-11-04,US,quantile,0.300,1839.0
100,2023-10-07,wk inc flu hosp,4.0,2023-11-04,US,quantile,0.350,1935.0
101,2023-10-07,wk inc flu hosp,4.0,2023-11-04,US,quantile,0.400,2033.0
102,2023-10-07,wk inc flu hosp,4.0,2023-11-04,US,quantile,0.450,2132.0
103,2023-10-07,wk inc flu hosp,4.0,2023-11-04,US,quantile,0.500,2226.0
104,2023-10-07,wk inc flu hosp,4.0,2023-11-04,US,quantile,0.550,2325.0
105,2023-10-07,wk inc flu hosp,4.0,2023-11-04,US,quantile,0.600,2426.0
106,2023-10-07,wk inc flu hosp,4.0,2023-11-04,US,quantile,0.650,2541.0
107,2023-10-07,wk inc flu hosp,4.0,2023-11-04,US,quantile,0.700,2670.0
108,2023-10-07,wk inc flu hosp,4.0,2023-11-04,US,quantile,0.750,2815.0
109,2023-10-07,wk inc flu hosp,4.0,2023-11-04,US,quantile,0.800,2992.0
110,2023-10-07,wk inc flu hosp,4.0,2023-11-04,US,quantile,0.850,3207.0
111,2023-10-07,wk inc flu hosp,4.0,2023-11-04,US,quantile,0.900,3502.0
112,2023-10-07,wk inc flu hosp,4.0,2023-11-04,US,quantile,0.950,3995.0
113,2023-10-07,wk inc flu hosp,4.0,2023-11-04,US,quantile,0.975,4439.0
114,2023-10-07,wk inc flu hosp,4.0,2023-11-04,US,quantile,0.990,5077.0
115,2023-10-07,wk inc flu hosp,5.0,2023-11-11,US,quantile,0.010,1098.0
116,2023-10-07,wk inc flu hosp,5.0,2023-11-11,US,quantile,0.025,1257.0
117,2023-10-07,wk inc flu hosp,5.0,2023-11-11,US,quantile,0.050,1416.0
118,2023-10-07,wk inc flu hosp,5.0,2023-11-11,US,quantile,0.100,1620.0
119,2023-10-07,wk inc flu hosp,5.0,2023-11-11,US,quantile,0.150,1772.0
120,2023-10-07,wk inc flu hosp,5.0,2023-11-11,US,quantile,0.200,1909.0
121,2023-10-07,wk inc flu hosp,5.0,2023-11-11,US,quantile,0.250,2028.0
122,2023-10-07,wk inc flu hosp,5.0,2023-11-11,US,quantile,0.300,2142.0
123,2023-10-07,wk inc flu hosp,5.0,2023-11-11,US,quantile,0.350,2249.0
124,2023-10-07,wk inc flu hosp,5.0,2023-11-11,US,quantile,0.400,2365.0
125,2023-10-07,wk inc flu hosp,5.0,2023-11-11,US,quantile,0.450,2476.0
126,2023-10-07,wk inc flu hosp,5.0,2023-11-11,US,quantile,0.500,2590.0
127,2023-10-07,wk inc flu hosp,5.0,2023-11-11,US,quantile,0.550,2702.0
128,2023-10-07,wk inc flu hosp,5.0,2023-11-11,US,quantile,0.600,2822.0
129,2023-10-07,wk inc flu hosp,5.0,2023-11-11,US,quantile,0.650,2970.0
130,2023-10-07,wk inc flu hosp,5.0,2023-11-11,US,quantile,0.700,3128.0
131,2023-10-07,wk inc flu hosp,5.0,2023-11-11,US,quantile,0.750,3313.0
132,2023-10-07,wk inc flu hosp,5.0,2023-11-11,US,quantile,0.800,3534.0
133,2023-10-07,wk inc flu hosp,5.0,2023-11-11,US,quantile,0.850,3802.0
134,2023-10-07,wk inc flu hosp,5.0,2023-11-11,US,quantile,0.900,4176.0
135,2023-10-07,wk inc flu hosp,5.0,2023-11-11,US,quantile,0.950,4776.0
136,2023-10-07,wk inc flu hosp,5.0,2023-11-11,US,quantile,0.975,5336.0
137,2023-10-07,wk inc flu hosp,5.0,2023-11-11,US,quantile,0.990,6157.0
138,2023-10-07,wk inc flu hosp,6.0,2023-11-18,US,quantile,0.010,1343.0
139,2023-10-07,wk inc flu hosp,6.0,2023-11-18,US,quantile,0.025,1545.0
140,2023-10-07,wk inc flu hosp,6.0,2023-11-18,US,quantile,0.050,1761.0
141,2023-10-07,wk inc flu hosp,6.0,2023-11-18,US,quantile,0.100,2042.0
142,2023-10-07,wk inc flu hosp,6.0,2023-11-18,US,quantile,0.150,2227.0
143,2023-10-07,wk inc flu hosp,6.0,2023-11-18,US,quantile,0.200,2395.0
144,2023-10-07,wk inc flu hosp,6.0,2023-11-18,US,quantile,0.250,2562.0
145,2023-10-07,wk inc flu hosp,6.0,2023-11-18,US,quantile,0.300,2715.0
146,2023-10-07,wk inc flu hosp,6.0,2023-11-18,US,quantile,0.350,2856.0
147,2023-10-07,wk inc flu hosp,6.0,2023-11-18,US,quantile,0.400,2997.0
148,2023-10-07,wk inc flu hosp,6.0,2023-11-18,US,quantile,0.450,3137.0
149,2023-10-07,wk inc flu hosp,6.0,2023-11-18,US,quantile,0.500,3299.0
150,2023-10-07,wk inc flu hosp,6.0,2023-11-18,US,quantile,0.550,3452.0
151,2023-10-07,wk inc flu hosp,6.0,2023-11-18,US,quantile,0.600,3608.0
152,2023-10-07,wk inc flu hosp,6.0,2023-11-18,US,quantile,0.650,3791.0
153,2023-10-07,wk inc flu hosp,6.0,2023-11-18,US,quantile,0.700,4001.0
154,2023-10-07,wk inc flu hosp,6.0,2023-11-18,US,quantile,0.750,4239.0
155,2023-10-07,wk inc flu hosp,6.0,2023-11-18,US,quantile,0.800,4510.0
156,2023-10-07,wk inc flu hosp,6.0,2023-11-18,US,quantile,0.850,4847.0
157,2023-10-07,wk inc flu hosp,6.0,2023-11-18,US,quantile,0.900,5267.0
158,2023-10-07,wk inc flu hosp,6.0,2023-11-18,US,quantile,0.950,6064.0
159,2023-10-07,wk inc flu hosp,6.0,2023-11-18,US,quantile,0.975,6833.0
160,2023-10-07,wk inc flu hosp,6.0,2023-11-18,US,quantile,0.990,7746.0
161,2023-10-07,wk inc flu hosp,7.0,2023-11-25,US,quantile,0.010,1595.0
162,2023-10-07,wk inc flu hosp,7.0,2023-11-25,US,quantile,0.025,1857.0
163,2023-10-07,wk inc flu hosp,7.0,2023-11-25,US,quantile,0.050,2092.0
164,2023-10-07,wk inc flu hosp,7.0,2023-11-25,US,quantile,0.100,2405.0
165,2023-10-07,wk inc flu hosp,7.0,2023-11-25,US,quantile,0.150,2628.0
166,2023-10-07,wk inc flu hosp,7.0,2023-11-25,US,quantile,0.200,2823.0
167,2023-10-07,wk inc flu hosp,7.0,2023-11-25,US,quantile,0.250,3002.0
168,2023-10-07,wk inc flu hosp,7.0,2023-11-25,US,quantile,0.300,3160.0
169,2023-10-07,wk inc flu hosp,7.0,2023-11-25,US,quantile,0.350,3333.0
170,2023-10-07,wk inc flu hosp,7.0,2023-11-25,US,quantile,0.400,3503.0
171,2023-10-07,wk inc flu hosp,7.0,2023-11-25,US,quantile,0.450,3671.0
172,2023-10-07,wk inc flu hosp,7.0,2023-11-25,US,quantile,0.500,3859.0
173,2023-10-07,wk inc flu hosp,7.0,2023-11-25,US,quantile,0.550,4034.0
174,2023-10-07,wk inc flu hosp,7.0,2023-11-25,US,quantile,0.600,4236.0
175,2023-10-07,wk inc flu hosp,7.0,2023-11-25,US,quantile,0.650,4444.0
176,2023-10-07,wk inc flu hosp,7.0,2023-11-25,US,quantile,0.700,4681.0
177,2023-10-07,wk inc flu hosp,7.0,2023-11-25,US,quantile,0.750,4961.0
178,2023-10-07,wk inc flu hosp,7.0,2023-11-25,US,quantile,0.800,5277.0
179,2023-10-07,wk inc flu hosp,7.0,2023-11-25,US,quantile,0.850,5644.0
180,2023-10-07,wk inc flu hosp,7.0,2023-11-25,US,quantile,0.900,6215.0
181,2023-10-07,wk inc flu hosp,7.0,2023-11-25,US,quantile,0.950,7109.0
182,2023-10-07,wk inc flu hosp,7.0,2023-11-25,US,quantile,0.975,8002.0
183,2023-10-07,wk inc flu hosp,7.0,2023-11-25,US,quantile,0.990,9213.0
184,2023-10-07,wk inc flu hosp,8.0,2023-12-02,US,quantile,0.010,1871.0
185,2023-10-07,wk inc flu hosp,8.0,2023-12-02,US,quantile,0.025,2174.0
186,2023-10-07,wk inc flu hosp,8.0,2023-12-02,US,quantile,0.050,2450.0
187,2023-10-07,wk inc flu hosp,8.0,2023-12-02,US,quantile,0.100,2819.0
188,2023-10-07,wk inc flu hosp,8.0,2023-12-02,US,quantile,0.150,3111.0
189,2023-10-07,wk inc flu hosp,8.0,2023-12-02,US,quantile,0.200,3343.0
190,2023-10-07,wk inc flu hosp,8.0,2023-12-02,US,quantile,0.250,3559.0
191,2023-10-07,wk inc flu hosp,8.0,2023-12-02,US,quantile,0.300,3758.0
192,2023-10-07,wk inc flu hosp,8.0,2023-12-02,US,quantile,0.350,3967.0
193,2023-10-07,wk inc flu hosp,8.0,2023-12-02,US,quantile,0.400,4179.0
194,2023-10-07,wk inc flu hosp,8.0,2023-12-02,US,quantile,0.450,4377.0
195,2023-10-07,wk inc flu hosp,8.0,2023-12-02,US,quantile,0.500,4588.0
196,2023-10-07,wk inc flu hosp,8.0,2023-12-02,US,quantile,0.550,4819.0
197,2023-10-07,wk inc flu hosp,8.0,2023-12-02,US,quantile,0.600,5057.0
198,2023-10-07,wk inc flu hosp,8.0,2023-12-02,US,quantile,0.650,5310.0
199,2023-10-07,wk inc flu hosp,8.0,2023-12-02,US,quantile,0.700,5586.0
200,2023-10-07,wk inc flu hosp,8.0,2023-12-02,US,quantile,0.750,5887.0
201,2023-10-07,wk inc flu hosp,8.0,2023-12-02,US,quantile,0.800,6285.0
202,2023-10-07,wk inc flu hosp,8.0,2023-12-02,US,quantile,0.850,6784.0
203,2023-10-07,wk inc flu hosp,8.0,2023-12-02,US,quantile,0.900,7475.0
204,2023-10-07,wk inc flu hosp,8.0,2023-12-02,US,quantile,0.950,8556.0
205,2023-10-07,wk inc flu hosp,8.0,2023-12-02,US,quantile,0.975,9597.0
206,2023-10-07,wk inc flu hosp,8.0,2023-12-02,US,quantile,0.990,11053.0
207,2023-10-07,wk inc flu hosp,9.0,2023-12-09,US,quantile,0.010,2179.0
208,2023-10-07,wk inc flu hosp,9.0,2023-12-09,US,quantile,0.025,2550.0
209,2023-10-07,wk inc flu hosp,9.0,2023-12-09,US,quantile,0.050,2867.0
210,2023-10-07,wk inc flu hosp,9.0,2023-12-09,US,quantile,0.100,3296.0
211,2023-10-07,wk inc flu hosp,9.0,2023-12-09,US,quantile,0.150,3621.0
212,2023-10-07,wk inc flu hosp,9.0,2023-12-09,US,quantile,0.200,3876.0
213,2023-10-07,wk inc flu hosp,9.0,2023-12-09,US,quantile,0.250,4145.0
214,2023-10-07,wk inc flu hosp,9.0,2023-12-09,US,quantile,0.300,4363.0
215,2023-10-07,wk inc flu hosp,9.0,2023-12-09,US,quantile,0.350,4611.0
216,2023-10-07,wk inc flu hosp,9.0,2023-12-09,US,quantile,0.400,4842.0
217,2023-10-07,wk inc flu hosp,9.0,2023-12-09,US,quantile,0.450,5077.0
218,2023-10-07,wk inc flu hosp,9.0,2023-12-09,US,quantile,0.500,5343.0
219,2023-10-07,wk inc flu hosp,9.0,2023-12-09,US,quantile,0.550,5599.0
220,2023-10-07,wk inc flu hosp,9.0,2023-12-09,US,quantile,0.600,5886.0
221,2023-10-07,wk inc flu hosp,9.0,2023-12-09,US,quantile,0.650,6187.0
222,2023-10-07,wk inc flu hosp,9.0,2023-12-09,US,quantile,0.700,6525.0
223,2023-10-07,wk inc flu hosp,9.0,2023-12-09,US,quantile,0.750,6917.0
224,2023-10-07,wk inc flu hosp,9.0,2023-12-09,US,quantile,0.800,7342.0
225,2023-10-07,wk inc flu hosp,9.0,2023-12-09,US,quantile,0.850,7899.0
226,2023-10-07,wk inc flu hosp,9.0,2023-12-09,US,quantile,0.900,8584.0
227,2023-10-07,wk inc flu hosp,9.0,2023-12-09,US,quantile,0.950,9772.0
228,2023-10-07,wk inc flu hosp,9.0,2023-12-09,US,quantile,0.975,10870.0
229,2023-10-07,wk inc flu hosp,9.0,2023-12-09,US,quantile,0.990,12574.0
230,2023-10-07,wk inc flu hosp,10.0,2023-12-16,US,quantile,0.010,2516.0
231,2023-10-07,wk inc flu hosp,10.0,2023-12-16,US,quantile,0.025,2891.0
232,2023-10-07,wk inc flu hosp,10.0,2023-12-16,US,quantile,0.050,3268.0
233,2023-10-07,wk inc flu hosp,10.0,2023-12-16,US,quantile,0.100,3787.0
234,2023-10-07,wk inc flu hosp,10.0,2023-12-16,US,quantile,0.150,4185.0
235,2023-10-07,wk inc flu hosp,10.0,2023-12-16,US,quantile,0.200,4534.0
236,2023-10-07,wk inc flu hosp,10.0,2023-12-16,US,quantile,0.250,4849.0
237,2023-10-07,wk inc flu hosp,10.0,2023-12-16,US,quantile,0.300,5138.0
238,2023-10-07,wk inc flu hosp,10.0,2023-12-16,US,quantile,0.350,5415.0
239,2023-10-07,wk inc flu hosp,10.0,2023-12-16,US,quantile,0.400,5722.0
240,2023-10-07,wk inc flu hosp,10.0,2023-12-16,US,quantile,0.450,6014.0
241,2023-10-07,wk inc flu hosp,10.0,2023-12-16,US,quantile,0.500,6305.0
242,2023-10-07,wk inc flu hosp,10.0,2023-12-16,US,quantile,0.550,6618.0
243,2023-10-07,wk inc flu hosp,10.0,2023-12-16,US,quantile,0.600,6942.0
244,2023-10-07,wk inc flu hosp,10.0,2023-12-16,US,quantile,0.650,7308.0
245,2023-10-07,wk inc flu hosp,10.0,2023-12-16,US,quantile,0.700,7714.0
246,2023-10-07,wk inc flu hosp,10.0,2023-12-16,US,quantile,0.750,8175.0
247,2023-10-07,wk inc flu hosp,10.0,2023-12-16,US,quantile,0.800,8731.0
248,2023-10-07,wk inc flu hosp,10.0,2023-12-16,US,quantile,0.850,9382.0
249,2023-10-07,wk inc flu hosp,10.0,2023-12-16,US,quantile,0.900,10297.0
250,2023-10-07,wk inc flu hosp,10.0,2023-12-16,US,quantile,0.950,11932.0
251,2023-10-07,wk inc flu hosp,10.0,2023-12-16,US,quantile,0.975,13433.0
252,2023-10-07,wk inc flu hosp,10.0,2023-12-16,US,quantile,0.990,15334.0
253,2023-10-07,wk inc flu hosp,11.0,2023-12-23,US,quantile,0.010,2833.0
254,2023-10-07,wk inc flu hosp,11.0,2023-12-23,US,quantile,0.025,3335.0
255,2023-10-07,wk inc flu hosp,11.0,2023-12-23,US,quantile,0.050,3739.0
256,2023-10-07,wk inc flu hosp,11.0,2023-12-23,US,quantile,0.100,4319.0
257,2023-10-07,wk inc flu hosp,11.0,2023-12-23,US,quantile,0.150,4758.0
258,2023-10-07,wk inc flu hosp,11.0,2023-12-23,US,quantile,0.200,5105.0
259,2023-10-07,wk inc flu hosp,11.0,2023-12-23,US,quantile,0.250,5448.0
260,2023-10-07,wk inc flu hosp,11.0,2023-12-23,US,quantile,0.300,5789.0
261,2023-10-07,wk inc flu hosp,11.0,2023-12-23,US,quantile,0.350,6124.0
262,2023-10-07,wk inc flu hosp,11.0,2023-12-23,US,quantile,0.400,6439.0
263,2023-10-07,wk inc flu hosp,11.0,2023-12-23,US,quantile,0.450,6776.0
264,2023-10-07,wk inc flu hosp,11.0,2023-12-23,US,quantile,0.500,7108.0
265,2023-10-07,wk inc flu hosp,11.0,2023-12-23,US,quantile,0.550,7455.0
266,2023-10-07,wk inc flu hosp,11.0,2023-12-23,US,quantile,0.600,7838.0
267,2023-10-07,wk inc flu hosp,11.0,2023-12-23,US,quantile,0.650,8249.0
268,2023-10-07,wk inc flu hosp,11.0,2023-12-23,US,quantile,0.700,8682.0
269,2023-10-07,wk inc flu hosp,11.0,2023-12-23,US,quantile,0.750,9259.0
270,2023-10-07,wk inc flu hosp,11.0,2023-12-23,US,quantile,0.800,9858.0
271,2023-10-07,wk inc flu hosp,11.0,2023-12-23,US,quantile,0.850,10599.0
272,2023-10-07,wk inc flu hosp,11.0,2023-12-23,US,quantile,0.900,11655.0
273,2023-10-07,wk inc flu hosp,11.0,2023-12-23,US,quantile,0.950,13259.0
274,2023-10-07,wk inc flu hosp,11.0,2023-12-23,US,quantile,0.975,14707.0
275,2023-10-07,wk inc flu hosp,11.0,2023-12-23,US,quantile,0.990,16785.0
276,2023-10-07,wk inc flu hosp,12.0,2023-12-30,US,quantile,0.010,3270.0
277,2023-10-07,wk inc flu hosp,12.0,2023-12-30,US,quantile,0.025,3734.0
278,2023-10-07,wk inc flu hosp,12.0,2023-12-30,US,quantile,0.050,4203.0
279,2023-10-07,wk inc flu hosp,12.0,2023-12-30,US,quantile,0.100,4836.0
280,2023-10-07,wk inc flu hosp,12.0,2023-12-30,US,quantile,0.150,5305.0
281,2023-10-07,wk inc flu hosp,12.0,2023-12-30,US,quantile,0.200,5734.0
282,2023-10-07,wk inc flu hosp,12.0,2023-12-30,US,quantile,0.250,6099.0
283,2023-10-07,wk inc flu hosp,12.0,2023-12-30,US,quantile,0.300,6457.0
284,2023-10-07,wk inc flu hosp,12.0,2023-12-30,US,quantile,0.350,6816.0
285,2023-10-07,wk inc flu hosp,12.0,2023-12-30,US,quantile,0.400,7168.0
286,2023-10-07,wk inc flu hosp,12.0,2023-12-30,US,quantile,0.450,7503.0
287,2023-10-07,wk inc flu hosp,12.0,2023-12-30,US,quantile,0.500,7897.0
288,2023-10-07,wk inc flu hosp,12.0,2023-12-30,US,quantile,0.550,8264.0
289,2023-10-07,wk inc flu hosp,12.0,2023-12-30,US,quantile,0.600,8636.0
290,2023-10-07,wk inc flu hosp,12.0,2023-12-30,US,quantile,0.650,9116.0
291,2023-10-07,wk inc flu hosp,12.0,2023-12-30,US,quantile,0.700,9614.0
292,2023-10-07,wk inc flu hosp,12.0,2023-12-30,US,quantile,0.750,10171.0
293,2023-10-07,wk inc flu hosp,12.0,2023-12-30,US,quantile,0.800,10884.0
294,2023-10-07,wk inc flu hosp,12.0,2023-12-30,US,quantile,0.850,11770.0
295,2023-10-07,wk inc flu hosp,12.0,2023-12-30,US,quantile,0.900,12907.0
296,2023-10-07,wk inc flu hosp,12.0,2023-12-30,US,quantile,0.950,14825.0
297,2023-10-07,wk inc flu hosp,12.0,2023-12-30,US,quantile,0.975,16587.0
298,2023-10-07,wk inc flu hosp,12.0,2023-12-30,US,quantile,0.990,18663.0
299,2023-10-07,wk inc flu hosp,13.0,2024-01-06,US,quantile,0.010,3652.0
300,2023-10-07,wk inc flu hosp,13.0,2024-01-06,US,quantile,0.025,4136.0
301,2023-10-07,wk inc flu hosp,13.0,2024-01-06,US,quantile,0.050,4628.0
302,2023-10-07,wk inc flu hosp,13.0,2024-01-06,US,quantile,0.100,5305.0
303,2023-10-07,wk inc flu hosp,13.0,2024-01-06,US,quantile,0.150,5841.0
304,2023-10-07,wk inc flu hosp,13.0,2024-01-06,US,quantile,0.200,6296.0
305,2023-10-07,wk inc flu hosp,13.0,2024-01-06,US,quantile,0.250,6751.0
306,2023-10-07,wk inc flu hosp,13.0,2024-01-06,US,quantile,0.300,7157.0
307,2023-10-07,wk inc flu hosp,13.0,2024-01-06,US,quantile,0.350,7537.0
308,2023-10-07,wk inc flu hosp,13.0,2024-01-06,US,quantile,0.400,7909.0
309,2023-10-07,wk inc flu hosp,13.0,2024-01-06,US,quantile,0.450,8310.0
310,2023-10-07,wk inc flu hosp,13.0,2024-01-06,US,quantile,0.500,8756.0
311,2023-10-07,wk inc flu hosp,13.0,2024-01-06,US,quantile,0.550,9180.0
312,2023-10-07,wk inc flu hosp,13.0,2024-01-06,US,quantile,0.600,9613.0
313,2023-10-07,wk inc flu hosp,13.0,2024-01-06,US,quantile,0.650,10112.0
314,2023-10-07,wk inc flu hosp,13.0,2024-01-06,US,quantile,0.700,10702.0
315,2023-10-07,wk inc flu hosp,13.0,2024-01-06,US,quantile,0.750,11244.0
316,2023-10-07,wk inc flu hosp,13.0,2024-01-06,US,quantile,0.800,11965.0
317,2023-10-07,wk inc flu hosp,13.0,2024-01-06,US,quantile,0.850,12886.0
318,2023-10-07,wk inc flu hosp,13.0,2024-01-06,US,quantile,0.900,14148.0
319,2023-10-07,wk inc flu hosp,13.0,2024-01-06,US,quantile,0.950,16189.0
320,2023-10-07,wk inc flu hosp,13.0,2024-01-06,US,quantile,0.975,18079.0
321,2023-10-07,wk inc flu hosp,13.0,2024-01-06,US,quantile,0.990,20318.0
322,2023-10-07,wk inc flu hosp,14.0,2024-01-13,US,quantile,0.010,3736.0
323,2023-10-07,wk inc flu hosp,14.0,2024-01-13,US,quantile,0.025,4334.0
324,2023-10-07,wk inc flu hosp,14.0,2024-01-13,US,quantile,0.050,4906.0
325,2023-10-07,wk inc flu hosp,14.0,2024-01-13,US,quantile,0.100,5604.0
326,2023-10-07,wk inc flu hosp,14.0,2024-01-13,US,quantile,0.150,6147.0
327,2023-10-07,wk inc flu hosp,14.0,2024-01-13,US,quantile,0.200,6631.0
328,2023-10-07,wk inc flu hosp,14.0,2024-01-13,US,quantile,0.250,7027.0
329,2023-10-07,wk inc flu hosp,14.0,2024-01-13,US,quantile,0.300,7450.0
330,2023-10-07,wk inc flu hosp,14.0,2024-01-13,US,quantile,0.350,7817.0
331,2023-10-07,wk inc flu hosp,14.0,2024-01-13,US,quantile,0.400,8240.0
332,2023-10-07,wk inc flu hosp,14.0,2024-01-13,US,quantile,0.450,8644.0
333,2023-10-07,wk inc flu hosp,14.0,2024-01-13,US,quantile,0.500,9086.0
334,2023-10-07,wk inc flu hosp,14.0,2024-01-13,US,quantile,0.550,9515.0
335,2023-10-07,wk inc flu hosp,14.0,2024-01-13,US,quantile,0.600,10023.0
336,2023-10-07,wk inc flu hosp,14.0,2024-01-13,US,quantile,0.650,10538.0
337,2023-10-07,wk inc flu hosp,14.0,2024-01-13,US,quantile,0.700,11082.0
338,2023-10-07,wk inc flu hosp,14.0,2024-01-13,US,quantile,0.750,11723.0
339,2023-10-07,wk inc flu hosp,14.0,2024-01-13,US,quantile,0.800,12464.0
340,2023-10-07,wk inc flu hosp,14.0,2024-01-13,US,quantile,0.850,13472.0
341,2023-10-07,wk inc flu hosp,14.0,2024-01-13,US,quantile,0.900,14866.0
342,2023-10-07,wk inc flu hosp,14.0,2024-01-13,US,quantile,0.950,17017.0
343,2023-10-07,wk inc flu hosp,14.0,2024-01-13,US,quantile,0.975,19139.0
344,2023-10-07,wk inc flu hosp,14.0,2024-01-13,US,quantile,0.990,21300.0
345,2023-10-07,wk inc flu hosp,15.0,2024-01-20,US,quantile,0.010,3903.0
346,2023-10-07,wk inc flu hosp,15.0,2024-01-20,US,quantile,0.025,4552.0
347,2023-10-07,wk inc flu hosp,15.0,2024-01-20,US,quantile,0.050,5110.0
348,2023-10-07,wk inc flu hosp,15.0,2024-01-20,US,quantile,0.100,5870.0
349,2023-10-07,wk inc flu hosp,15.0,2024-01-20,US,quantile,0.150,6419.0
350,2023-10-07,wk inc flu hosp,15.0,2024-01-20,US,quantile,0.200,6883.0
351,2023-10-07,wk inc flu hosp,15.0,2024-01-20,US,quantile,0.250,7351.0
352,2023-10-07,wk inc flu hosp,15.0,2024-01-20,US,quantile,0.300,7804.0
353,2023-10-07,wk inc flu hosp,15.0,2024-01-20,US,quantile,0.350,8195.0
354,2023-10-07,wk inc flu hosp,15.0,2024-01-20,US,quantile,0.400,8611.0
355,2023-10-07,wk inc flu hosp,15.0,2024-01-20,US,quantile,0.450,9039.0
356,2023-10-07,wk inc flu hosp,15.0,2024-01-20,US,quantile,0.500,9481.0
357,2023-10-07,wk inc flu hosp,15.0,2024-01-20,US,quantile,0.550,9949.0
358,2023-10-07,wk inc flu hosp,15.0,2024-01-20,US,quantile,0.600,10462.0
359,2023-10-07,wk inc flu hosp,15.0,2024-01-20,US,quantile,0.650,11011.0
360,2023-10-07,wk inc flu hosp,15.0,2024-01-20,US,quantile,0.700,11559.0
361,2023-10-07,wk inc flu hosp,15.0,2024-01-20,US,quantile,0.750,12291.0
362,2023-10-07,wk inc flu hosp,15.0,2024-01-20,US,quantile,0.800,13093.0
363,2023-10-07,wk inc flu hosp,15.0,2024-01-20,US,quantile,0.850,14042.0
364,2023-10-07,wk inc flu hosp,15.0,2024-01-20,US,quantile,0.900,15439.0
365,2023-10-07,wk inc flu hosp,15.0,2024-01-20,US,quantile,0.950,17716.0
366,2023-10-07,wk inc flu hosp,15.0,2024-01-20,US,quantile,0.975,19923.0
367,2023-10-07,wk inc flu hosp,15.0,2024-01-20,US,quantile,0.990,22156.0
368,2023-10-07,wk inc flu hosp,16.0,2024-01-27,US,quantile,0.010,4021.0
369,2023-10-07,wk inc flu hosp,16.0,2024-01-27,US,quantile,0.025,4586.0
370,2023-10-07,wk inc flu hosp,16.0,2024-01-27,US,quantile,0.050,5175.0
371,2023-10-07,wk inc flu hosp,16.0,2024-01-27,US,quantile,0.100,5954.0
372,2023-10-07,wk inc flu hosp,16.0,2024-01-27,US,quantile,0.150,6520.0
373,2023-10-07,wk inc flu hosp,16.0,2024-01-27,US,quantile,0.200,7001.0
374,2023-10-07,wk inc flu hosp,16.0,2024-01-27,US,quantile,0.250,7472.0
375,2023-10-07,wk inc flu hosp,16.0,2024-01-27,US,quantile,0.300,7948.0
376,2023-10-07,wk inc flu hosp,16.0,2024-01-27,US,quantile,0.350,8379.0
377,2023-10-07,wk inc flu hosp,16.0,2024-01-27,US,quantile,0.400,8817.0
378,2023-10-07,wk inc flu hosp,16.0,2024-01-27,US,quantile,0.450,9255.0
379,2023-10-07,wk inc flu hosp,16.0,2024-01-27,US,quantile,0.500,9728.0
380,2023-10-07,wk inc flu hosp,16.0,2024-01-27,US,quantile,0.550,10210.0
381,2023-10-07,wk inc flu hosp,16.0,2024-01-27,US,quantile,0.600,10696.0
382,2023-10-07,wk inc flu hosp,16.0,2024-01-27,US,quantile,0.650,11224.0
383,2023-10-07,wk inc flu hosp,16.0,2024-01-27,US,quantile,0.700,11811.0
384,2023-10-07,wk inc flu hosp,16.0,2024-01-27,US,quantile,0.750,12505.0
385,2023-10-07,wk inc flu hosp,16.0,2024-01-27,US,quantile,0.800,13276.0
386,2023-10-07,wk inc flu hosp,16.0,2024-01-27,US,quantile,0.850,14296.0
387,2023-10-07,wk inc flu hosp,16.0,2024-01-27,US,quantile,0.900,15683.0
388,2023-10-07,wk inc flu hosp,16.0,2024-01-27,US,quantile,0.950,17713.0
389,2023-10-07,wk inc flu hosp,16.0,2024-01-27,US,quantile,0.975,19806.0
390,2023-10-07,wk inc flu hosp,16.0,2024-01-27,US,quantile,0.990,22237.0
391,2023-10-07,wk inc flu hosp,17.0,2024-02-03,US,quantile,0.010,4131.0
392,2023-10-07,wk inc flu hosp,17.0,2024-02-03,US,quantile,0.025,4650.0
393,2023-10-07,wk inc flu hosp,17.0,2024-02-03,US,quantile,0.050,5308.0
394,2023-10-07,wk inc flu hosp,17.0,2024-02-03,US,quantile,0.100,6087.0
395,2023-10-07,wk inc flu hosp,17.0,2024-02-03,US,quantile,0.150,6635.0
396,2023-10-07,wk inc flu hosp,17.0,2024-02-03,US,quantile,0.200,7151.0
397,2023-10-07,wk inc flu hosp,17.0,2024-02-03,US,quantile,0.250,7632.0
398,2023-10-07,wk inc flu hosp,17.0,2024-02-03,US,quantile,0.300,8060.0
399,2023-10-07,wk inc flu hosp,17.0,2024-02-03,US,quantile,0.350,8467.0
400,2023-10-07,wk inc flu hosp,17.0,2024-02-03,US,quantile,0.400,8903.0
401,2023-10-07,wk inc flu hosp,17.0,2024-02-03,US,quantile,0.450,9349.0
402,2023-10-07,wk inc flu hosp,17.0,2024-02-03,US,quantile,0.500,9800.0
403,2023-10-07,wk inc flu hosp,17.0,2024-02-03,US,quantile,0.550,10249.0
404,2023-10-07,wk inc flu hosp,17.0,2024-02-03,US,quantile,0.600,10711.0
405,2023-10-07,wk inc flu hosp,17.0,2024-02-03,US,quantile,0.650,11217.0
406,2023-10-07,wk inc flu hosp,17.0,2024-02-03,US,quantile,0.700,11742.0
407,2023-10-07,wk inc flu hosp,17.0,2024-02-03,US,quantile,0.750,12401.0
408,2023-10-07,wk inc flu hosp,17.0,2024-02-03,US,quantile,0.800,13183.0
409,2023-10-07,wk inc flu hosp,17.0,2024-02-03,US,quantile,0.850,14110.0
410,2023-10-07,wk inc flu hosp,17.0,2024-02-03,US,quantile,0.900,15422.0
411,2023-10-07,wk inc flu hosp,17.0,2024-02-03,US,quantile,0.950,17600.0
412,2023-10-07,wk inc flu hosp,17.0,2024-02-03,US,quantile,0.975,19809.0
413,2023-10-07,wk inc flu hosp,17.0,2024-02-03,US,quantile,0.990,22256.0
414,2023-10-07,wk inc flu hosp,18.0,2024-02-10,US,quantile,0.010,4097.0
415,2023-10-07,wk inc flu hosp,18.0,2024-02-10,US,quantile,0.025,4686.0
416,2023-10-07,wk inc flu hosp,18.0,2024-02-10,US,quantile,0.050,5195.0
417,2023-10-07,wk inc flu hosp,18.0,2024-02-10,US,quantile,0.100,5945.0
418,2023-10-07,wk inc flu hosp,18.0,2024-02-10,US,quantile,0.150,6527.0
419,2023-10-07,wk inc flu hosp,18.0,2024-02-10,US,quantile,0.200,6971.0
420,2023-10-07,wk inc flu hosp,18.0,2024-02-10,US,quantile,0.250,7414.0
421,2023-10-07,wk inc flu hosp,18.0,2024-02-10,US,quantile,0.300,7816.0
422,2023-10-07,wk inc flu hosp,18.0,2024-02-10,US,quantile,0.350,8210.0
423,2023-10-07,wk inc flu hosp,18.0,2024-02-10,US,quantile,0.400,8610.0
424,2023-10-07,wk inc flu hosp,18.0,2024-02-10,US,quantile,0.450,9052.0
425,2023-10-07,wk inc flu hosp,18.0,2024-02-10,US,quantile,0.500,9457.0
426,2023-10-07,wk inc flu hosp,18.0,2024-02-10,US,quantile,0.550,9928.0
427,2023-10-07,wk inc flu hosp,18.0,2024-02-10,US,quantile,0.600,10410.0
428,2023-10-07,wk inc flu hosp,18.0,2024-02-10,US,quantile,0.650,10923.0
429,2023-10-07,wk inc flu hosp,18.0,2024-02-10,US,quantile,0.700,11460.0
430,2023-10-07,wk inc flu hosp,18.0,2024-02-10,US,quantile,0.750,12076.0
431,2023-10-07,wk inc flu hosp,18.0,2024-02-10,US,quantile,0.800,12858.0
432,2023-10-07,wk inc flu hosp,18.0,2024-02-10,US,quantile,0.850,13766.0
433,2023-10-07,wk inc flu hosp,18.0,2024-02-10,US,quantile,0.900,15021.0
434,2023-10-07,wk inc flu hosp,18.0,2024-02-10,US,quantile,0.950,16955.0
435,2023-10-07,wk inc flu hosp,18.0,2024-02-10,US,quantile,0.975,18579.0
436,2023-10-07,wk inc flu hosp,18.0,2024-02-10,US,quantile,0.990,20462.0
437,2023-10-07,wk inc flu hosp,19.0,2024-02-17,US,quantile,0.010,3927.0
438,2023-10-07,wk inc flu hosp,19.0,2024-02-17,US,quantile,0.025,4411.0
439,2023-10-07,wk inc flu hosp,19.0,2024-02-17,US,quantile,0.050,4916.0
440,2023-10-07,wk inc flu hosp,19.0,2024-02-17,US,quantile,0.100,5594.0
441,2023-10-07,wk inc flu hosp,19.0,2024-02-17,US,quantile,0.150,6131.0
442,2023-10-07,wk inc flu hosp,19.0,2024-02-17,US,quantile,0.200,6584.0
443,2023-10-07,wk inc flu hosp,19.0,2024-02-17,US,quantile,0.250,6967.0
444,2023-10-07,wk inc flu hosp,19.0,2024-02-17,US,quantile,0.300,7345.0
445,2023-10-07,wk inc flu hosp,19.0,2024-02-17,US,quantile,0.350,7723.0
446,2023-10-07,wk inc flu hosp,19.0,2024-02-17,US,quantile,0.400,8100.0
447,2023-10-07,wk inc flu hosp,19.0,2024-02-17,US,quantile,0.450,8494.0
448,2023-10-07,wk inc flu hosp,19.0,2024-02-17,US,quantile,0.500,8899.0
449,2023-10-07,wk inc flu hosp,19.0,2024-02-17,US,quantile,0.550,9329.0
450,2023-10-07,wk inc flu hosp,19.0,2024-02-17,US,quantile,0.600,9755.0
451,2023-10-07,wk inc flu hosp,19.0,2024-02-17,US,quantile,0.650,10232.0
452,2023-10-07,wk inc flu hosp,19.0,2024-02-17,US,quantile,0.700,10753.0
453,2023-10-07,wk inc flu hosp,19.0,2024-02-17,US,quantile,0.750,11339.0
454,2023-10-07,wk inc flu hosp,19.0,2024-02-17,US,quantile,0.800,12054.0
455,2023-10-07,wk inc flu hosp,19.0,2024-02-17,US,quantile,0.850,12963.0
456,2023-10-07,wk inc flu hosp,19.0,2024-02-17,US,quantile,0.900,14130.0
457,2023-10-07,wk inc flu hosp,19.0,2024-02-17,US,quantile,0.950,15931.0
458,2023-10-07,wk inc flu hosp,19.0,2024-02-17,US,quantile,0.975,17487.0
459,2023-10-07,wk inc flu hosp,19.0,2024-02-17,US,quantile,0.990,19296.0
460,2023-10-07,wk inc flu hosp,20.0,2024-02-24,US,quantile,0.010,3593.0
461,2023-10-07,wk inc flu hosp,20.0,2024-02-24,US,quantile,0.025,4135.0
462,2023-10-07,wk inc flu hosp,20.0,2024-02-24,US,quantile,0.050,4637.0
463,2023-10-07,wk inc flu hosp,20.0,2024-02-24,US,quantile,0.100,5287.0
464,2023-10-07,wk inc flu hosp,20.0,2024-02-24,US,quantile,0.150,5765.0
465,2023-10-07,wk inc flu hosp,20.0,2024-02-24,US,quantile,0.200,6194.0
466,2023-10-07,wk inc flu hosp,20.0,2024-02-24,US,quantile,0.250,6580.0
467,2023-10-07,wk inc flu hosp,20.0,2024-02-24,US,quantile,0.300,6949.0
468,2023-10-07,wk inc flu hosp,20.0,2024-02-24,US,quantile,0.350,7306.0
469,2023-10-07,wk inc flu hosp,20.0,2024-02-24,US,quantile,0.400,7664.0
470,2023-10-07,wk inc flu hosp,20.0,2024-02-24,US,quantile,0.450,8020.0
471,2023-10-07,wk inc flu hosp,20.0,2024-02-24,US,quantile,0.500,8409.0
472,2023-10-07,wk inc flu hosp,20.0,2024-02-24,US,quantile,0.550,8793.0
473,2023-10-07,wk inc flu hosp,20.0,2024-02-24,US,quantile,0.600,9152.0
474,2023-10-07,wk inc flu hosp,20.0,2024-02-24,US,quantile,0.650,9606.0
475,2023-10-07,wk inc flu hosp,20.0,2024-02-24,US,quantile,0.700,10105.0
476,2023-10-07,wk inc flu hosp,20.0,2024-02-24,US,quantile,0.750,10628.0
477,2023-10-07,wk inc flu hosp,20.0,2024-02-24,US,quantile,0.800,11273.0
478,2023-10-07,wk inc flu hosp,20.0,2024-02-24,US,quantile,0.850,12135.0
479,2023-10-07,wk inc flu hosp,20.0,2024-02-24,US,quantile,0.900,13162.0
480,2023-10-07,wk inc flu hosp,20.0,2024-02-24,US,quantile,0.950,14651.0
481,2023-10-07,wk inc flu hosp,20.0,2024-02-24,US,quantile,0.975,15963.0
482,2023-10-07,wk inc flu hosp,20.0,2024-02-24,US,quantile,0.990,17693.0
483,2023-10-07,wk inc flu hosp,21.0,2024-03-02,US,quantile,0.010,3493.0
484,2023-10-07,wk inc flu hosp,21.0,2024-03-02,US,quantile,0.025,3947.0
485,2023-10-07,wk inc flu hosp,21.0,2024-03-02,US,quantile,0.050,4403.0
486,2023-10-07,wk inc flu hosp,21.0,2024-03-02,US,quantile,0.100,4967.0
487,2023-10-07,wk inc flu hosp,21.0,2024-03-02,US,quantile,0.150,5446.0
488,2023-10-07,wk inc flu hosp,21.0,2024-03-02,US,quantile,0.200,5844.0
489,2023-10-07,wk inc flu hosp,21.0,2024-03-02,US,quantile,0.250,6207.0
490,2023-10-07,wk inc flu hosp,21.0,2024-03-02,US,quantile,0.300,6564.0
491,2023-10-07,wk inc flu hosp,21.0,2024-03-02,US,quantile,0.350,6890.0
492,2023-10-07,wk inc flu hosp,21.0,2024-03-02,US,quantile,0.400,7226.0
493,2023-10-07,wk inc flu hosp,21.0,2024-03-02,US,quantile,0.450,7564.0
494,2023-10-07,wk inc flu hosp,21.0,2024-03-02,US,quantile,0.500,7878.0
495,2023-10-07,wk inc flu hosp,21.0,2024-03-02,US,quantile,0.550,8256.0
496,2023-10-07,wk inc flu hosp,21.0,2024-03-02,US,quantile,0.600,8633.0
497,2023-10-07,wk inc flu hosp,21.0,2024-03-02,US,quantile,0.650,9023.0
498,2023-10-07,wk inc flu hosp,21.0,2024-03-02,US,quantile,0.700,9472.0
499,2023-10-07,wk inc flu hosp,21.0,2024-03-02,US,quantile,0.750,9997.0
500,2023-10-07,wk inc flu hosp,21.0,2024-03-02,US,quantile,0.800,10597.0
501,2023-10-07,wk inc flu hosp,21.0,2024-03-02,US,quantile,0.850,11278.0
502,2023-10-07,wk inc flu hosp,21.0,2024-03-02,US,quantile,0.900,12156.0
503,2023-10-07,wk inc flu hosp,21.0,2024-03-02,US,quantile,0.950,13594.0
504,2023-10-07,wk inc flu hosp,21.0,2024-03-02,US,quantile,0.975,14682.0
505,2023-10-07,wk inc flu hosp,21.0,2024-03-02,US,quantile,0.990,15970.0
506,2023-10-07,wk inc flu hosp,22.0,2024-03-09,US,quantile,0.010,2965.0
507,2023-10-07,wk inc flu hosp,22.0,2024-03-09,US,quantile,0.025,3382.0
508,2023-10-07,wk inc flu hosp,22.0,2024-03-09,US,quantile,0.050,3823.0
509,2023-10-07,wk inc flu hosp,22.0,2024-03-09,US,quantile,0.100,4394.0
510,2023-10-07,wk inc flu hosp,22.0,2024-03-09,US,quantile,0.150,4820.0
511,2023-10-07,wk inc flu hosp,22.0,2024-03-09,US,quantile,0.200,5168.0
512,2023-10-07,wk inc flu hosp,22.0,2024-03-09,US,quantile,0.250,5493.0
513,2023-10-07,wk inc flu hosp,22.0,2024-03-09,US,quantile,0.300,5783.0
514,2023-10-07,wk inc flu hosp,22.0,2024-03-09,US,quantile,0.350,6078.0
515,2023-10-07,wk inc flu hosp,22.0,2024-03-09,US,quantile,0.400,6359.0
516,2023-10-07,wk inc flu hosp,22.0,2024-03-09,US,quantile,0.450,6664.0
517,2023-10-07,wk inc flu hosp,22.0,2024-03-09,US,quantile,0.500,6969.0
518,2023-10-07,wk inc flu hosp,22.0,2024-03-09,US,quantile,0.550,7273.0
519,2023-10-07,wk inc flu hosp,22.0,2024-03-09,US,quantile,0.600,7638.0
520,2023-10-07,wk inc flu hosp,22.0,2024-03-09,US,quantile,0.650,8028.0
521,2023-10-07,wk inc flu hosp,22.0,2024-03-09,US,quantile,0.700,8446.0
522,2023-10-07,wk inc flu hosp,22.0,2024-03-09,US,quantile,0.750,8908.0
523,2023-10-07,wk inc flu hosp,22.0,2024-03-09,US,quantile,0.800,9464.0
524,2023-10-07,wk inc flu hosp,22.0,2024-03-09,US,quantile,0.850,10102.0
525,2023-10-07,wk inc flu hosp,22.0,2024-03-09,US,quantile,0.900,10914.0
526,2023-10-07,wk inc flu hosp,22.0,2024-03-09,US,quantile,0.950,12038.0
527,2023-10-07,wk inc flu hosp,22.0,2024-03-09,US,quantile,0.975,13050.0
528,2023-10-07,wk inc flu hosp,22.0,2024-03-09,US,quantile,0.990,14224.0
529,2023-10-07,wk inc flu hosp,23.0,2024-03-16,US,quantile,0.010,2821.0
530,2023-10-07,wk inc flu hosp,23.0,2024-03-16,US,quantile,0.025,3197.0
531,2023-10-07,wk inc flu hosp,23.0,2024-03-16,US,quantile,0.050,3579.0
532,2023-10-07,wk inc flu hosp,23.0,2024-03-16,US,quantile,0.100,4066.0
533,2023-10-07,wk inc flu hosp,23.0,2024-03-16,US,quantile,0.150,4448.0
534,2023-10-07,wk inc flu hosp,23.0,2024-03-16,US,quantile,0.200,4766.0
535,2023-10-07,wk inc flu hosp,23.0,2024-03-16,US,quantile,0.250,5070.0
536,2023-10-07,wk inc flu hosp,23.0,2024-03-16,US,quantile,0.300,5324.0
537,2023-10-07,wk inc flu hosp,23.0,2024-03-16,US,quantile,0.350,5596.0
538,2023-10-07,wk inc flu hosp,23.0,2024-03-16,US,quantile,0.400,5859.0
539,2023-10-07,wk inc flu hosp,23.0,2024-03-16,US,quantile,0.450,6130.0
540,2023-10-07,wk inc flu hosp,23.0,2024-03-16,US,quantile,0.500,6402.0
541,2023-10-07,wk inc flu hosp,23.0,2024-03-16,US,quantile,0.550,6691.0
542,2023-10-07,wk inc flu hosp,23.0,2024-03-16,US,quantile,0.600,7001.0
543,2023-10-07,wk inc flu hosp,23.0,2024-03-16,US,quantile,0.650,7352.0
544,2023-10-07,wk inc flu hosp,23.0,2024-03-16,US,quantile,0.700,7733.0
545,2023-10-07,wk inc flu hosp,23.0,2024-03-16,US,quantile,0.750,8118.0
546,2023-10-07,wk inc flu hosp,23.0,2024-03-16,US,quantile,0.800,8584.0
547,2023-10-07,wk inc flu hosp,23.0,2024-03-16,US,quantile,0.850,9175.0
548,2023-10-07,wk inc flu hosp,23.0,2024-03-16,US,quantile,0.900,9846.0
549,2023-10-07,wk inc flu hosp,23.0,2024-03-16,US,quantile,0.950,10871.0
550,2023-10-07,wk inc flu hosp,23.0,2024-03-16,US,quantile,0.975,11635.0
551,2023-10-07,wk inc flu hosp,23.0,2024-03-16,US,quantile,0.990,12506.0
552,2023-10-07,wk inc flu hosp,24.0,2024-03-23,US,quantile,0.010,2466.0
553,2023-10-07,wk inc flu hosp,24.0,2024-03-23,US,quantile,0.025,2789.0
554,2023-10-07,wk inc flu hosp,24.0,2024-03-23,US,quantile,0.050,3145.0
555,2023-10-07,wk inc flu hosp,24.0,2024-03-23,US,quantile,0.100,3595.0
556,2023-10-07,wk inc flu hosp,24.0,2024-03-23,US,quantile,0.150,3918.0
557,2023-10-07,wk inc flu hosp,24.0,2024-03-23,US,quantile,0.200,4193.0
558,2023-10-07,wk inc flu hosp,24.0,2024-03-23,US,quantile,0.250,4459.0
559,2023-10-07,wk inc flu hosp,24.0,2024-03-23,US,quantile,0.300,4709.0
560,2023-10-07,wk inc flu hosp,24.0,2024-03-23,US,quantile,0.350,4945.0
561,2023-10-07,wk inc flu hosp,24.0,2024-03-23,US,quantile,0.400,5182.0
562,2023-10-07,wk inc flu hosp,24.0,2024-03-23,US,quantile,0.450,5399.0
563,2023-10-07,wk inc flu hosp,24.0,2024-03-23,US,quantile,0.500,5649.0
564,2023-10-07,wk inc flu hosp,24.0,2024-03-23,US,quantile,0.550,5908.0
565,2023-10-07,wk inc flu hosp,24.0,2024-03-23,US,quantile,0.600,6188.0
566,2023-10-07,wk inc flu hosp,24.0,2024-03-23,US,quantile,0.650,6499.0
567,2023-10-07,wk inc flu hosp,24.0,2024-03-23,US,quantile,0.700,6800.0
568,2023-10-07,wk inc flu hosp,24.0,2024-03-23,US,quantile,0.750,7151.0
569,2023-10-07,wk inc flu hosp,24.0,2024-03-23,US,quantile,0.800,7583.0
570,2023-10-07,wk inc flu hosp,24.0,2024-03-23,US,quantile,0.850,8075.0
571,2023-10-07,wk inc flu hosp,24.0,2024-03-23,US,quantile,0.900,8654.0
572,2023-10-07,wk inc flu hosp,24.0,2024-03-23,US,quantile,0.950,9442.0
573,2023-10-07,wk inc flu hosp,24.0,2024-03-23,US,quantile,0.975,10170.0
574,2023-10-07,wk inc flu hosp,24.0,2024-03-23,US,quantile,0.990,10976.0
575,2023-10-07,wk inc flu hosp,25.0,2024-03-30,US,quantile,0.010,2154.0
576,2023-10-07,wk inc flu hosp,25.0,2024-03-30,US,quantile,0.025,2485.0
577,2023-10-07,wk inc flu hosp,25.0,2024-03-30,US,quantile,0.050,2767.0
578,2023-10-07,wk inc flu hosp,25.0,2024-03-30,US,quantile,0.100,3169.0
579,2023-10-07,wk inc flu hosp,25.0,2024-03-30,US,quantile,0.150,3465.0
580,2023-10-07,wk inc flu hosp,25.0,2024-03-30,US,quantile,0.200,3727.0
581,2023-10-07,wk inc flu hosp,25.0,2024-03-30,US,quantile,0.250,3955.0
582,2023-10-07,wk inc flu hosp,25.0,2024-03-30,US,quantile,0.300,4174.0
583,2023-10-07,wk inc flu hosp,25.0,2024-03-30,US,quantile,0.350,4393.0
584,2023-10-07,wk inc flu hosp,25.0,2024-03-30,US,quantile,0.400,4618.0
585,2023-10-07,wk inc flu hosp,25.0,2024-03-30,US,quantile,0.450,4844.0
586,2023-10-07,wk inc flu hosp,25.0,2024-03-30,US,quantile,0.500,5072.0
587,2023-10-07,wk inc flu hosp,25.0,2024-03-30,US,quantile,0.550,5276.0
588,2023-10-07,wk inc flu hosp,25.0,2024-03-30,US,quantile,0.600,5520.0
589,2023-10-07,wk inc flu hosp,25.0,2024-03-30,US,quantile,0.650,5781.0
590,2023-10-07,wk inc flu hosp,25.0,2024-03-30,US,quantile,0.700,6075.0
591,2023-10-07,wk inc flu hosp,25.0,2024-03-30,US,quantile,0.750,6383.0
592,2023-10-07,wk inc flu hosp,25.0,2024-03-30,US,quantile,0.800,6745.0
593,2023-10-07,wk inc flu hosp,25.0,2024-03-30,US,quantile,0.850,7144.0
594,2023-10-07,wk inc flu hosp,25.0,2024-03-30,US,quantile,0.900,7632.0
595,2023-10-07,wk inc flu hosp,25.0,2024-03-30,US,quantile,0.950,8375.0
596,2023-10-07,wk inc flu hosp,25.0,2024-03-30,US,quantile,0.975,8968.0
597,2023-10-07,wk inc flu hosp,25.0,2024-03-30,US,quantile,0.990,9654.0
598,2023-10-07,wk inc flu hosp,26.0,2024-04-06,US,quantile,0.010,1916.0
599,2023-10-07,wk inc flu hosp,26.0,2024-04-06,US,quantile,0.025,2174.0
600,2023-10-07,wk inc flu hosp,26.0,2024-04-06,US,quantile,0.050,2449.0
601,2023-10-07,wk inc flu hosp,26.0,2024-04-06,US,quantile,0.100,2816.0
602,2023-10-07,wk inc flu hosp,26.0,2024-04-06,US,quantile,0.150,3089.0
603,2023-10-07,wk inc flu hosp,26.0,2024-04-06,US,quantile,0.200,3303.0
604,2023-10-07,wk inc flu hosp,26.0,2024-04-06,US,quantile,0.250,3522.0
605,2023-10-07,wk inc flu hosp,26.0,2024-04-06,US,quantile,0.300,3717.0
606,2023-10-07,wk inc flu hosp,26.0,2024-04-06,US,quantile,0.350,3907.0
607,2023-10-07,wk inc flu hosp,26.0,2024-04-06,US,quantile,0.400,4093.0
608,2023-10-07,wk inc flu hosp,26.0,2024-04-06,US,quantile,0.450,4268.0
609,2023-10-07,wk inc flu hosp,26.0,2024-04-06,US,quantile,0.500,4461.0
610,2023-10-07,wk inc flu hosp,26.0,2024-04-06,US,quantile,0.550,4663.0
611,2023-10-07,wk inc flu hosp,26.0,2024-04-06,US,quantile,0.600,4851.0
612,2023-10-07,wk inc flu hosp,26.0,2024-04-06,US,quantile,0.650,5072.0
613,2023-10-07,wk inc flu hosp,26.0,2024-04-06,US,quantile,0.700,5307.0
614,2023-10-07,wk inc flu hosp,26.0,2024-04-06,US,quantile,0.750,5564.0
615,2023-10-07,wk inc flu hosp,26.0,2024-04-06,US,quantile,0.800,5856.0
616,2023-10-07,wk inc flu hosp,26.0,2024-04-06,US,quantile,0.850,6212.0
617,2023-10-07,wk inc flu hosp,26.0,2024-04-06,US,quantile,0.900,6625.0
618,2023-10-07,wk inc flu hosp,26.0,2024-04-06,US,quantile,0.950,7212.0
619,2023-10-07,wk inc flu hosp,26.0,2024-04-06,US,quantile,0.975,7754.0
620,2023-10-07,wk inc flu hosp,26.0,2024-04-06,US,quantile,0.990,8363.0
621,2023-10-07,wk inc flu hosp,27.0,2024-04-13,US,quantile,0.010,1695.0
622,2023-10-07,wk inc flu hosp,27.0,2024-04-13,US,quantile,0.025,1962.0
623,2023-10-07,wk inc flu hosp,27.0,2024-04-13,US,quantile,0.050,2212.0
624,2023-10-07,wk inc flu hosp,27.0,2024-04-13,US,quantile,0.100,2528.0
625,2023-10-07,wk inc flu hosp,27.0,2024-04-13,US,quantile,0.150,2775.0
626,2023-10-07,wk inc flu hosp,27.0,2024-04-13,US,quantile,0.200,3001.0
627,2023-10-07,wk inc flu hosp,27.0,2024-04-13,US,quantile,0.250,3204.0
628,2023-10-07,wk inc flu hosp,27.0,2024-04-13,US,quantile,0.300,3377.0
629,2023-10-07,wk inc flu hosp,27.0,2024-04-13,US,quantile,0.350,3554.0
630,2023-10-07,wk inc flu hosp,27.0,2024-04-13,US,quantile,0.400,3733.0
631,2023-10-07,wk inc flu hosp,27.0,2024-04-13,US,quantile,0.450,3921.0
632,2023-10-07,wk inc flu hosp,27.0,2024-04-13,US,quantile,0.500,4095.0
633,2023-10-07,wk inc flu hosp,27.0,2024-04-13,US,quantile,0.550,4278.0
634,2023-10-07,wk inc flu hosp,27.0,2024-04-13,US,quantile,0.600,4461.0
635,2023-10-07,wk inc flu hosp,27.0,2024-04-13,US,quantile,0.650,4655.0
636,2023-10-07,wk inc flu hosp,27.0,2024-04-13,US,quantile,0.700,4855.0
637,2023-10-07,wk inc flu hosp,27.0,2024-04-13,US,quantile,0.750,5076.0
638,2023-10-07,wk inc flu hosp,27.0,2024-04-13,US,quantile,0.800,5324.0
639,2023-10-07,wk inc flu hosp,27.0,2024-04-13,US,quantile,0.850,5588.0
640,2023-10-07,wk inc flu hosp,27.0,2024-04-13,US,quantile,0.900,5953.0
641,2023-10-07,wk inc flu hosp,27.0,2024-04-13,US,quantile,0.950,6511.0
642,2023-10-07,wk inc flu hosp,27.0,2024-04-13,US,quantile,0.975,6936.0
643,2023-10-07,wk inc flu hosp,27.0,2024-04-13,US,quantile,0.990,7445.0
644,2023-10-07,wk inc flu hosp,28.0,2024-04-20,US,quantile,0.010,1356.0
645,2023-10-07,wk inc flu hosp,28.0,2024-04-20,US,quantile,0.025,1579.0
646,2023-10-07,wk inc flu hosp,28.0,2024-04-20,US,quantile,0.050,1784.0
647,2023-10-07,wk inc flu hosp,28.0,2024-04-20,US,quantile,0.100,2088.0
648,2023-10-07,wk inc flu hosp,28.0,2024-04-20,US,quantile,0.150,2299.0
649,2023-10-07,wk inc flu hosp,28.0,2024-04-20,US,quantile,0.200,2479.0
650,2023-10-07,wk inc flu hosp,28.0,2024-04-20,US,quantile,0.250,2665.0
651,2023-10-07,wk inc flu hosp,28.0,2024-04-20,US,quantile,0.300,2826.0
652,2023-10-07,wk inc flu hosp,28.0,2024-04-20,US,quantile,0.350,2967.0
653,2023-10-07,wk inc flu hosp,28.0,2024-04-20,US,quantile,0.400,3122.0
654,2023-10-07,wk inc flu hosp,28.0,2024-04-20,US,quantile,0.450,3279.0
655,2023-10-07,wk inc flu hosp,28.0,2024-04-20,US,quantile,0.500,3427.0
656,2023-10-07,wk inc flu hosp,28.0,2024-04-20,US,quantile,0.550,3570.0
657,2023-10-07,wk inc flu hosp,28.0,2024-04-20,US,quantile,0.600,3729.0
658,2023-10-07,wk inc flu hosp,28.0,2024-04-20,US,quantile,0.650,3890.0
659,2023-10-07,wk inc flu hosp,28.0,2024-04-20,US,quantile,0.700,4083.0
660,2023-10-07,wk inc flu hosp,28.0,2024-04-20,US,quantile,0.750,4265.0
661,2023-10-07,wk inc flu hosp,28.0,2024-04-20,US,quantile,0.800,4504.0
662,2023-10-07,wk inc flu hosp,28.0,2024-04-20,US,quantile,0.850,4746.0
663,2023-10-07,wk inc flu hosp,28.0,2024-04-20,US,quantile,0.900,5047.0
664,2023-10-07,wk inc flu hosp,28.0,2024-04-20,US,quantile,0.950,5513.0
665,2023-10-07,wk inc flu hosp,28.0,2024-04-20,US,quantile,0.975,5902.0
666,2023-10-07,wk inc flu hosp,28.0,2024-04-20,US,quantile,0.990,6358.0
667,2023-10-07,wk inc flu hosp,29.0,2024-04-27,US,quantile,0.010,1225.0
668,2023-10-07,wk inc flu hosp,29.0,2024-04-27,US,quantile,0.025,1408.0
669,2023-10-07,wk inc flu hosp,29.0,2024-04-27,US,quantile,0.050,1611.0
670,2023-10-07,wk inc flu hosp,29.0,2024-04-27,US,quantile,0.100,1873.0
671,2023-10-07,wk inc flu hosp,29.0,2024-04-27,US,quantile,0.150,2073.0
672,2023-10-07,wk inc flu hosp,29.0,2024-04-27,US,quantile,0.200,2232.0
673,2023-10-07,wk inc flu hosp,29.0,2024-04-27,US,quantile,0.250,2370.0
674,2023-10-07,wk inc flu hosp,29.0,2024-04-27,US,quantile,0.300,2506.0
675,2023-10-07,wk inc flu hosp,29.0,2024-04-27,US,quantile,0.350,2637.0
676,2023-10-07,wk inc flu hosp,29.0,2024-04-27,US,quantile,0.400,2763.0
677,2023-10-07,wk inc flu hosp,29.0,2024-04-27,US,quantile,0.450,2888.0
678,2023-10-07,wk inc flu hosp,29.0,2024-04-27,US,quantile,0.500,3011.0
679,2023-10-07,wk inc flu hosp,29.0,2024-04-27,US,quantile,0.550,3140.0
680,2023-10-07,wk inc flu hosp,29.0,2024-04-27,US,quantile,0.600,3269.0
681,2023-10-07,wk inc flu hosp,29.0,2024-04-27,US,quantile,0.650,3409.0
682,2023-10-07,wk inc flu hosp,29.0,2024-04-27,US,quantile,0.700,3555.0
683,2023-10-07,wk inc flu hosp,29.0,2024-04-27,US,quantile,0.750,3723.0
684,2023-10-07,wk inc flu hosp,29.0,2024-04-27,US,quantile,0.800,3887.0
685,2023-10-07,wk inc flu hosp,29.0,2024-04-27,US,quantile,0.850,4105.0
686,2023-10-07,wk inc flu hosp,29.0,2024-04-27,US,quantile,0.900,4363.0
687,2023-10-07,wk inc flu hosp,29.0,2024-04-27,US,quantile,0.950,4760.0
688,2023-10-07,wk inc flu hosp,29.0,2024-04-27,US,quantile,0.975,5106.0
689,2023-10-07,wk inc flu hosp,29.0,2024-04-27,US,quantile,0.990,5516.0
690,2023-10-07,wk inc flu hosp,30.0,2024-05-04,US,quantile,0.010,1075.0
691,2023-10-07,wk inc flu hosp,30.0,2024-05-04,US,quantile,0.025,1264.0
692,2023-10-07,wk inc flu hosp,30.0,2024-05-04,US,quantile,0.050,1438.0
693,2023-10-07,wk inc flu hosp,30.0,2024-05-04,US,quantile,0.100,1646.0
694,2023-10-07,wk inc flu hosp,30.0,2024-05-04,US,quantile,0.150,1807.0
695,2023-10-07,wk inc flu hosp,30.0,2024-05-04,US,quantile,0.200,1960.0
696,2023-10-07,wk inc flu hosp,30.0,2024-05-04,US,quantile,0.250,2076.0
697,2023-10-07,wk inc flu hosp,30.0,2024-05-04,US,quantile,0.300,2195.0
698,2023-10-07,wk inc flu hosp,30.0,2024-05-04,US,quantile,0.350,2311.0
699,2023-10-07,wk inc flu hosp,30.0,2024-05-04,US,quantile,0.400,2430.0
700,2023-10-07,wk inc flu hosp,30.0,2024-05-04,US,quantile,0.450,2531.0
701,2023-10-07,wk inc flu hosp,30.0,2024-05-04,US,quantile,0.500,2640.0
702,2023-10-07,wk inc flu hosp,30.0,2024-05-04,US,quantile,0.550,2751.0
703,2023-10-07,wk inc flu hosp,30.0,2024-05-04,US,quantile,0.600,2856.0
704,2023-10-07,wk inc flu hosp,30.0,2024-05-04,US,quantile,0.650,2970.0
705,2023-10-07,wk inc flu hosp,30.0,2024-05-04,US,quantile,0.700,3092.0
706,2023-10-07,wk inc flu hosp,30.0,2024-05-04,US,quantile,0.750,3227.0
707,2023-10-07,wk inc flu hosp,30.0,2024-05-04,US,quantile,0.800,3363.0
708,2023-10-07,wk inc flu hosp,30.0,2024-05-04,US,quantile,0.850,3542.0
709,2023-10-07,wk inc flu hosp,30.0,2024-05-04,US,quantile,0.900,3774.0
710,2023-10-07,wk inc flu hosp,30.0,2024-05-04,US,quantile,0.950,4131.0
711,2023-10-07,wk inc flu hosp,30.0,2024-05-04,US,quantile,0.975,4437.0
712,2023-10-07,wk inc flu hosp,30.0,2024-05-04,US,quantile,0.990,4785.0
713,2023-10-07,wk inc flu hosp,31.0,2024-05-11,US,quantile,0.010,930.0
714,2023-10-07,wk inc flu hosp,31.0,2024-05-11,US,quantile,0.025,1062.0
715,2023-10-07,wk inc flu hosp,31.0,2024-05-11,US,quantile,0.050,1210.0
716,2023-10-07,wk inc flu hosp,31.0,2024-05-11,US,quantile,0.100,1398.0
717,2023-10-07,wk inc flu hosp,31.0,2024-05-11,US,quantile,0.150,1532.0
718,2023-10-07,wk inc flu hosp,31.0,2024-05-11,US,quantile,0.200,1660.0
719,2023-10-07,wk inc flu hosp,31.0,2024-05-11,US,quantile,0.250,1762.0
720,2023-10-07,wk inc flu hosp,31.0,2024-05-11,US,quantile,0.300,1860.0
721,2023-10-07,wk inc flu hosp,31.0,2024-05-11,US,quantile,0.350,1954.0
722,2023-10-07,wk inc flu hosp,31.0,2024-05-11,US,quantile,0.400,2048.0
723,2023-10-07,wk inc flu hosp,31.0,2024-05-11,US,quantile,0.450,2140.0
724,2023-10-07,wk inc flu hosp,31.0,2024-05-11,US,quantile,0.500,2228.0
725,2023-10-07,wk inc flu hosp,31.0,2024-05-11,US,quantile,0.550,2321.0
726,2023-10-07,wk inc flu hosp,31.0,2024-05-11,US,quantile,0.600,2419.0
727,2023-10-07,wk inc flu hosp,31.0,2024-05-11,US,quantile,0.650,2526.0
728,2023-10-07,wk inc flu hosp,31.0,2024-05-11,US,quantile,0.700,2635.0
729,2023-10-07,wk inc flu hosp,31.0,2024-05-11,US,quantile,0.750,2753.0
730,2023-10-07,wk inc flu hosp,31.0,2024-05-11,US,quantile,0.800,2884.0
731,2023-10-07,wk inc flu hosp,31.0,2024-05-11,US,quantile,0.850,3028.0
732,2023-10-07,wk inc flu hosp,31.0,2024-05-11,US,quantile,0.900,3224.0
733,2023-10-07,wk inc flu hosp,31.0,2024-05-11,US,quantile,0.950,3522.0
734,2023-10-07,wk inc flu hosp,31.0,2024-05-11,US,quantile,0.975,3777.0
735,2023-10-07,wk inc flu hosp,31.0,2024-05-11,US,quantile,0.990,4067.0
736,2023-10-07,wk inc flu hosp,32.0,2024-05-18,US,quantile,0.010,1069.0
737,2023-10-07,wk inc flu hosp,32.0,2024-05-18,US,quantile,0.025,1199.0
738,2023-10-07,wk inc flu hosp,32.0,2024-05-18,US,quantile,0.050,1321.0
739,2023-10-07,wk inc flu hosp,32.0,2024-05-18,US,quantile,0.100,1492.0
740,2023-10-07,wk inc flu hosp,32.0,2024-05-18,US,quantile,0.150,1597.0
741,2023-10-07,wk inc flu hosp,32.0,2024-05-18,US,quantile,0.200,1689.0
742,2023-10-07,wk inc flu hosp,32.0,2024-05-18,US,quantile,0.250,1772.0
743,2023-10-07,wk inc flu hosp,32.0,2024-05-18,US,quantile,0.300,1846.0
744,2023-10-07,wk inc flu hosp,32.0,2024-05-18,US,quantile,0.350,1914.0
745,2023-10-07,wk inc flu hosp,32.0,2024-05-18,US,quantile,0.400,1988.0
746,2023-10-07,wk inc flu hosp,32.0,2024-05-18,US,quantile,0.450,2060.0
747,2023-10-07,wk inc flu hosp,32.0,2024-05-18,US,quantile,0.500,2130.0
748,2023-10-07,wk inc flu hosp,32.0,2024-05-18,US,quantile,0.550,2204.0
749,2023-10-07,wk inc flu hosp,32.0,2024-05-18,US,quantile,0.600,2278.0
750,2023-10-07,wk inc flu hosp,32.0,2024-05-18,US,quantile,0.650,2352.0
751,2023-10-07,wk inc flu hosp,32.0,2024-05-18,US,quantile,0.700,2431.0
752,2023-10-07,wk inc flu hosp,32.0,2024-05-18,US,quantile,0.750,2519.0
753,2023-10-07,wk inc flu hosp,32.0,2024-05-18,US,quantile,0.800,2622.0
754,2023-10-07,wk inc flu hosp,32.0,2024-05-18,US,quantile,0.850,2745.0
755,2023-10-07,wk inc flu hosp,32.0,2024-05-18,US,quantile,0.900,2916.0
756,2023-10-07,wk inc flu hosp,32.0,2024-05-18,US,quantile,0.950,3176.0
757,2023-10-07,wk inc flu hosp,32.0,2024-05-18,US,quantile,0.975,3412.0
758,2023-10-07,wk inc flu hosp,32.0,2024-05-18,US,quantile,0.990,3669.0
0,2023-10-07,peak week inc flu hosp,,,US,pmf,2023-10-07,0.0
1,2023-10-07,peak week inc flu hosp,,,US,pmf,2023-10-14,0.0
2,2023-10-07,peak week inc flu hosp,,,US,pmf,2023-10-21,0.0
3,2023-10-07,peak week inc flu hosp,,,US,pmf,2023-10-28,0.0
4,2023-10-07,peak week inc flu hosp,,,US,pmf,2023-11-04,0.0
5,2023-10-07,peak week inc flu hosp,,,US,pmf,2023-11-11,0.0
6,2023-10-07,peak week inc flu hosp,,,US,pmf,2023-11-18,0.0
7,2023-10-07,peak week inc flu hosp,,,US,pmf,2023-11-25,9.999999747378752e-05
8,2023-10-07,peak week inc flu hosp,,,US,pmf,2023-12-02,0.0005999999702908099
9,2023-10-07,peak week inc flu hosp,,,US,pmf,2023-12-09,0.0030999998562037945
10,2023-10-07,peak week inc flu hosp,,,US,pmf,2023-12-16,0.012799999676644802
11,2023-10-07,peak week inc flu hosp,,,US,pmf,2023-12-23,0.023399999365210533
12,2023-10-07,peak week inc flu hosp,,,US,pmf,2023-12-30,0.04389999806880951
13,2023-10-07,peak week inc flu hosp,,,US,pmf,2024-01-06,0.08209999650716782
14,2023-10-07,peak week inc flu hosp,,,US,pmf,2024-01-13,0.10029999911785126
15,2023-10-07,peak week inc flu hosp,,,US,pmf,2024-01-20,0.12870000302791595
16,2023-10-07,peak week inc flu hosp,,,US,pmf,2024-01-27,0.13319998979568481
17,2023-10-07,peak week inc flu hosp,,,US,pmf,2024-02-03,0.13120000064373016
18,2023-10-07,peak week inc flu hosp,,,US,pmf,2024-02-10,0.11620000004768372
19,2023-10-07,peak week inc flu hosp,,,US,pmf,2024-02-17,0.08749999850988388
20,2023-10-07,peak week inc flu hosp,,,US,pmf,2024-02-24,0.06350000202655792
21,2023-10-07,peak week inc flu hosp,,,US,pmf,2024-03-02,0.040699999779462814
22,2023-10-07,peak week inc flu hosp,,,US,pmf,2024-03-09,0.020499998703598976
23,2023-10-07,peak week inc flu hosp,,,US,pmf,2024-03-16,0.008899999782443047
24,2023-10-07,peak week inc flu hosp,,,US,pmf,2024-03-23,0.0026000000070780516
25,2023-10-07,peak week inc flu hosp,,,US,pmf,2024-03-30,0.00029999998514540493
26,2023-10-07,peak week inc flu hosp,,,US,pmf,2024-04-06,0.00029999998514540493
27,2023-10-07,peak week inc flu hosp,,,US,pmf,2024-04-13,9.999999747378752e-05
28,2023-10-07,peak week inc flu hosp,,,US,pmf,2024-04-20,0.0
29,2023-10-07,peak week inc flu hosp,,,US,pmf,2024-04-27,0.0
30,2023-10-07,peak week inc flu hosp,,,US,pmf,2024-05-04,0.0
31,2023-10-07,peak week inc flu hosp,,,US,pmf,2024-05-11,0.0
32,2023-10-07,peak week inc flu hosp,,,US,pmf,2024-05-18,0.0
0,2023-10-07,peak inc flu hosp,,,US,quantile,0.010,9558.0
1,2023-10-07,peak inc flu hosp,,,US,quantile,0.025,10308.0
2,2023-10-07,peak inc flu hosp,,,US,quantile,0.050,10944.0
3,2023-10-07,peak inc flu hosp,,,US,quantile,0.100,11772.0
4,2023-10-07,peak inc flu hosp,,,US,quantile,0.150,12363.0
5,2023-10-07,peak inc flu hosp,,,US,quantile,0.200,12853.0
6,2023-10-07,peak inc flu hosp,,,US,quantile,0.250,13322.0
7,2023-10-07,peak inc flu hosp,,,US,quantile,0.300,13718.0
8,2023-10-07,peak inc flu hosp,,,US,quantile,0.350,14132.0
9,2023-10-07,peak inc flu hosp,,,US,quantile,0.400,14539.0
10,2023-10-07,peak inc flu hosp,,,US,quantile,0.450,14939.0
11,2023-10-07,peak inc flu hosp,,,US,quantile,0.500,15323.0
12,2023-10-07,peak inc flu hosp,,,US,quantile,0.550,15735.0
13,2023-10-07,peak inc flu hosp,,,US,quantile,0.600,16217.0
14,2023-10-07,peak inc flu hosp,,,US,quantile,0.650,16695.0
15,2023-10-07,peak inc flu hosp,,,US,quantile,0.700,17185.0
16,2023-10-07,peak inc flu hosp,,,US,quantile,0.750,17749.0
17,2023-10-07,peak inc flu hosp,,,US,quantile,0.800,18477.0
18,2023-10-07,peak inc flu hosp,,,US,quantile,0.850,19345.0
19,2023-10-07,peak inc flu hosp,,,US,quantile,0.900,20359.0
20,2023-10-07,peak inc flu hosp,,,US,quantile,0.950,22113.0
21,2023-10-07,peak inc flu hosp,,,US,quantile,0.975,23520.0
22,2023-10-07,peak inc flu hosp,,,US,quantile,0.990,25120.0
